sentiment,text,user
negative,@M5t5jjRSiKdOJDk Sample Bachelor of Science Programs\n-Data science\n-Artificial intelligence\n-Management Sciences\n-R‚Ä¶ https://t.co/7e6AJCKr8K,AmalalghanimF
positive,@CiscoNetAcad @Cisco HBCU Data Science students can capitalize on many free learning opportunities from Microsoft.‚Ä¶ https://t.co/hlnc949RI7,HBCUDataScience
neutral,RT @jdan: I‚Äôm on the Data Science team at twitter and can say with certainty this graph has a *ton* of flaws in its calculation,valytarax
neutral,"RT @USGSLandsat: All Landsat Collection 1 data &amp; science products will be removed from USGS data access platforms on December 30, 2022. If‚Ä¶",earthtoday
positive,"RT @Htisummit: #HealthTech Expo will host healthTech companies specialized in innovative solutions, Digital Transformation, Data Science, T‚Ä¶",alaaalzoabi7
negative,"RT @akshay_pachaar: You don't have to pay ridiculous amount of money to learn Python, Machine Learning &amp; Data Science.\n\nWhen the likes of G‚Ä¶",Nayan_1809
positive,RT @TheOyinbooke: Master today‚Äôs top programming languages and topics like data science and AI. check them here\nhttps://t.co/8D9uQXC4XB,TeishaWarren79
neutral,"RT @MPSDHamburg: Martin, Ashwin and Kevin work with the MPSD's Scientific Support Unit Computational Science, led by @ProfCompMod . They of‚Ä¶",KutandB
positive,RT @python_spaces: Study Data Science for Free from Microsoft\n\nMicrosoft provides free roadmap for Azure Data Scientist Associate. \n\nCourse‚Ä¶,kayise_cbc247
neutral,RT @MikeKSmith: Looking forward to hearing from Eric Nantz @theRcast on the Data Science Hangout with @_RachaelDempsey on Thursday 17th (to‚Ä¶,rinpharma
positive,@GeorgeFreemanMP @FCDOGovUK @UKSINet @royalsociety Great thoughts but surely @ESA_Webb @spacegovuk @STFC_Matters‚Ä¶ https://t.co/h8EfGIF3LW,cpl43uk
positive,RT @Shabashycrypto: Data collection is the part of science and art .\n\nIf you can create your own factors that build your set up .....\n\nDon'‚Ä¶,CRYPTOMOUNTAIN0
neutral,"All Landsat Collection 1 data &amp; science products will be removed from USGS data access platforms on December 30, 20‚Ä¶ https://t.co/qvDlzWUCvz",USGSLandsat
positive,"RT @ScienceMagazine: A new @SciImmunology Report presents data from vaccinated humans and mice, showing how BA.5-adapted mRNA vaccines, suc‚Ä¶",HannahRScience
negative,"RT @akshay_pachaar: You don't have to pay ridiculous amount of money to learn Python, Machine Learning &amp; Data Science.\n\nWhen the likes of G‚Ä¶",Okeykenneth1
positive,Data science holds the power to streamline economic challenges like #supplychain issues. The Lab for Innovation Sci‚Ä¶ https://t.co/HmwINI3A1D,PeakQuickBooks
positive,Data science holds the power to streamline economic challenges like #supplychain issues. The Lab for Innovation Sci‚Ä¶ https://t.co/QbkzjvIySp,BetterIdeaGroup
neutral,RT @tugraz: The ‚ÄúData House‚Äù at TU Graz‚Äôs Campus Inffeldgasse brings together #science and #business to jointly drive #innovation in the fi‚Ä¶,Panduhh2020
positive,Data science holds the power to streamline economic challenges like #supplychain issues. The Lab for Innovation Sci‚Ä¶ https://t.co/6POeKSglpD,judythornell
neutral,RT @DataScienceDojo: üí• An overview of probability distribution!\nSource: Data Science Community \n\n#Probability #Statistics #DataScience http‚Ä¶,MusleamAziz
negative,Tired of the office? Check out this remote position:\n \ndormakaba Schweiz AG is hiring for the Senior Professional D‚Ä¶ https://t.co/rN86xi16ta,SwissDevJobs
positive,RT @TheOyinbooke: Master today‚Äôs top programming languages and topics like data science and AI. check them here\nhttps://t.co/8D9uQXC4XB,mensahjnrr
positive,Data collection is the part of science and art .\n\nIf you can create your own factors that build your set up .....‚Ä¶ https://t.co/deQ4BYwmto,Shabashycrypto
negative,i'm feeling a little bit sad that i kind of ended up giving up entirely on global health / development/ aid/ monito‚Ä¶ https://t.co/QT83y1TeLC,guacamolebio2
negative,"RT @akshay_pachaar: You don't have to pay ridiculous amount of money to learn Python, Machine Learning &amp; Data Science.\n\nWhen the likes of G‚Ä¶",mrDARIUZ
neutral,@DynastyFF_GM @WeHateRob That‚Äôs how science and data works. I want the needle to move instead of saying one thing a‚Ä¶ https://t.co/QJwwqZYGFf,Nathan_Pilmer
positive,@QuinncessaA @DrJamesOlsson If you read all the data that has come out it is not rare. they all say it‚Äôs rare &amp;actu‚Ä¶ https://t.co/tdxXfBSp4i,freedomchoice12
neutral,RT @__mharrison__: Hi I'm Matt üëã\n\nI'm a Python &amp;amp; Data Science trainer. https://t.co/twgY2ZZsDr,__mharrison__
negative,Machine Learning for Absolute Beginners: A Plain English Introduction (Third Edition) (Python for Data Science)‚Ä¶ https://t.co/XUhN85dhbW,Datascience__
positive,RT @Partitio_nBlues: I'm looking for work in 1) comp bio research 2) neurotech (particularly EEG-related) 3) data science/ML 4) other. \n\n&gt;7‚Ä¶,Heather_L_Read
neutral,RT @Ayjchan: The exchange between @washingtonpost and the lead author of the Science papers asserting a market #OriginOfCovid is illuminati‚Ä¶,GlenGallo
neutral,Data Science Dojo Information Session https://t.co/352LzevAoA,DataScienceDojo
neutral,Are you keen to realise the potential of #health data #research for patients? @wellcometrust is funding #PhDs in He‚Ä¶ https://t.co/j1Pz2Au1dR,LIDC_UK
positive,100 Days of Code: The Complete #Python Pro #Bootcamp for 2022\n\nMaster #Python by building 100 projects in 100 days.‚Ä¶ https://t.co/2kkn4wDtC1,byLilyV
positive,RT @TheOyinbooke: Master today‚Äôs top programming languages and topics like data science and AI. check them here\nhttps://t.co/8D9uQXC4XB,Richie4love
positive,"RT @ReochKelley: Gr. 8‚Äôs, let‚Äôs take our learning around the world! üåç Happy GIS Day! Thank you to our special guest, Naiomi, for sharing th‚Ä¶",RegPublicSchool
positive,"RT @DataScienceDojo: ‚ùó We are about to begin our live information session, where our Chief Data Scientist, Raja Iqbal, and Marketing Manage‚Ä¶",py_smart_bot
neutral,"$NWBO If you‚Äôre an investor, Northwest Biotherapeutics will go up because of this cancer vaccine data‚Ä¶\n\n‚ÄòI‚Äôm just c‚Ä¶ https://t.co/cRjDB2wcIk",kevinjsears
neutral,"An interview with a former data science student, Ernest Mihelj.\n\nErnest is a technical AI product owner and data sc‚Ä¶ https://t.co/rRZ9Oph9eY",_SITLearning
positive,RT @avikumart_: Kaggle is a fundamentally powerful platform to learn data scienceü§ñüöÄ\n\nHere are the TOP 7 kaggle resources to learn data scie‚Ä¶,srohit1011
positive,"@QSCorporate We are excited about the \""Oscars of Education\"" in December!  We are reimagining adult education in ana‚Ä¶ https://t.co/EmhjXBeK4f",TAMUAnalytics
positive,"RT @DataScienceDojo: ‚ùó We are about to begin our live information session, where our Chief Data Scientist, Raja Iqbal, and Marketing Manage‚Ä¶",fullNam35087976
positive,"We're LIVEüôå!\n\nJoin our Women Rock-IT event NOW and hear from Annie Hardy, Amber Yandow, and Emma Reid, women who ar‚Ä¶ https://t.co/drCNr2bW3v",CiscoNetAcad
positive,"‚ùó We are about to begin our live information session, where our Chief Data Scientist, Raja Iqbal, and Marketing Man‚Ä¶ https://t.co/aBTnjBmhdf",DataScienceDojo
neutral,@BoundsofoutMath I am! North Carolina School of Science and Mathematics is working with UC-Berkeley and NC State to‚Ä¶ https://t.co/cNPCdwm0lz,NCSSMGibson
positive,APAM 2023: Abstracts Open \n\nTheme 3: Data Science\nData is hugely important for both healthcare delivery and for res‚Ä¶ https://t.co/OXTsVcF1Ar,AoPgbi
positive,RT @IGSD_UoW: Our latest paper in @Patterns_CP \n Is it possible to share models if sharing data is not an option? Read paper by @FengMao_‚Ä¶,_open_science_
negative,"RT @akshay_pachaar: You don't have to pay ridiculous amount of money to learn Python, Machine Learning &amp; Data Science.\n\nWhen the likes of G‚Ä¶",DanaK3na
neutral,"Our final speaker of the #NIEHS_EHSCC fall seminar series is @francescadomin8 from @HarvardChanSPH who asks \""How mu‚Ä¶ https://t.co/5agaON6dwU",CEHJNM
negative,"RT @akshay_pachaar: You don't have to pay ridiculous amount of money to learn Python, Machine Learning &amp; Data Science.\n\nWhen the likes of G‚Ä¶",rahulchaluvadhi
neutral,"@All_Knowing_Bio @drandrewb That does not answer my question. The choice was about the Covid, but the RSV vaccine i‚Ä¶ https://t.co/Jli73RxuW9",theflowernurse
neutral,RT @Ayjchan: The exchange between @washingtonpost and the lead author of the Science papers asserting a market #OriginOfCovid is illuminati‚Ä¶,emilyakopp
negative,"RT @akshay_pachaar: You don't have to pay ridiculous amount of money to learn Python, Machine Learning &amp; Data Science.\n\nWhen the likes of G‚Ä¶",Cyril_Agara_
positive,RT @python_spaces: Study Data Science for Free from Microsoft\n\nMicrosoft provides free roadmap for Azure Data Scientist Associate. \n\nCourse‚Ä¶,komanyab
positive,"@IroncladDev stats is more like math subject, but from the analytical perspective of research science yk? in my exp‚Ä¶ https://t.co/0gmSm0V6FC",rayhanadev
positive,RT @cwarshaw: Fascinating to see the return of penalties for extremism and (maybe) growing incumbency advantages this year.  Really cool to‚Ä¶,punkbln
neutral,RT @Ayjchan: The exchange between @washingtonpost and the lead author of the Science papers asserting a market #OriginOfCovid is illuminati‚Ä¶,CorblynD
negative,"RT @akshay_pachaar: You don't have to pay ridiculous amount of money to learn Python, Machine Learning &amp; Data Science.\n\nWhen the likes of G‚Ä¶",ankurmadaann
neutral,RT @SwissCognitive: #MachineLearning techniques and forms of learningü§ñüñ•Ô∏è\n\nBy: Data_Science_School\n\ncc @AndreasMWelsch @GlenGilmore @coolcat‚Ä¶,data_nerd1010
negative,"@lambert_kwizera @Mandouze @Esri Hi Kwizera, registration for this year's Spatial Data Science MOOC has closed, but‚Ä¶ https://t.co/Yn9dbBFUjD",EsriTraining
negative,RT @elhaniy: There are millions of open-source libraries\n\nBut you only need to understand a small few for a career in Data Science\n\nWhat ar‚Ä¶,TheIntrepidCTO
negative,RT @calhalvorsen: Want access to the dataset behind the #Cogeneration report with @Co_Generate &amp; @NORCNews? Get the details at the open-acc‚Ä¶,Co_Generate
neutral,as a child my premier possessions were my microscope and my telescope.   using them taught me alot of practical sci‚Ä¶ https://t.co/uZrBWMlNb0,mouse_math
negative,"RT @akshay_pachaar: You don't have to pay ridiculous amount of money to learn Python, Machine Learning &amp; Data Science.\n\nWhen the likes of G‚Ä¶",snitchseeker731
neutral,Machine Learning | Solu√ß√£o completa end-to-end (Python)  \n3.5 hours | 3074 students  | September 2022 release \n\nüÜì L‚Ä¶ https://t.co/TRhanP467c,comidoc
negative,Want access to the dataset behind the #Cogeneration report with @Co_Generate &amp; @NORCNews? Get the details at the op‚Ä¶ https://t.co/KWQv5sT9FB,calhalvorsen
positive,@lewlits @Nashville_Geo @curious_founder TV is full of climate alarmism and left wing propaganda. That‚Äôs obviously‚Ä¶ https://t.co/xTLD5bc0Ij,thangbrandr
neutral,"RT @BrockUResearch: Congratulations to Yifeng Li, @brockuniversity's newest #CRC and a renewal for Julia Baird. Dr. Li is Tier 2 CRC in  in‚Ä¶",TIPS_SPIIE
negative,"RT @akshay_pachaar: You don't have to pay ridiculous amount of money to learn Python, Machine Learning &amp; Data Science.\n\nWhen the likes of G‚Ä¶",Jubamarvim
neutral,"RT @x_lenc: Union workers from OE3, IBEW 595, and LiUNA 304 have refused to cross the picket line in solidarity with the UC strike. Constru‚Ä¶",thedeathangeltd
negative,Belajar data science -&gt; cari kerja remote,catalinasierraa
positive,1/ More than 1 billion teens and young people are potentially at risk of hearing loss because of their use of headp‚Ä¶ https://t.co/aBW6OhRnQE,rsciencejournal
neutral,RT @BrockUResearch: Thank you @InnovationCA for your #JELFCRC investment in @brockuniversity's newest #CRC. This allows Dr. Li to do cuttin‚Ä¶,TIPS_SPIIE
neutral,"@ronawang @KevLXu There are big classes in psychology, business, economics, finance, sociology, philosophy, governm‚Ä¶ https://t.co/YAMf4WBHPc",ekzhang1
positive,RT @Eli_Krumova: 14 Best+üÜì #DataScience with #Python #Courses #Online in 2021 üë®üèΩ‚Äçüíª\nüëâüèΩhttps://t.co/mudPdktLgk\nv/ @KirkDBorne\n\n#BigData #Anal‚Ä¶,Eli_Krumova
neutral,@timeburns1 @rossalovelace @jonathanchait @jessesingal @kittypurrzog I applaud a man of science. I have no doubt yo‚Ä¶ https://t.co/RvpIxfybod,Alicoh1
negative,"RT @akshay_pachaar: You don't have to pay ridiculous amount of money to learn Python, Machine Learning &amp; Data Science.\n\nWhen the likes of G‚Ä¶",MelatoMatlokots
positive,RT @python_spaces: Study Data Science for Free from Microsoft\n\nMicrosoft provides free roadmap for Azure Data Scientist Associate. \n\nCourse‚Ä¶,realFengLiu
neutral,RT @Ayjchan: The exchange between @washingtonpost and the lead author of the Science papers asserting a market #OriginOfCovid is illuminati‚Ä¶,lab_leak
positive,RT @python_spaces: Study Data Science for Free from Microsoft\n\nMicrosoft provides free roadmap for Azure Data Scientist Associate. \n\nCourse‚Ä¶,Jhaarkhandi
positive,RT @Eli_Krumova: ‚ö°Ô∏è 15 Best #Online #Courses for #DataScience 2022\nhttps://t.co/Nla3WMRmDk\n\n#DataScientists #AI #ML #MachineLearning #Analy‚Ä¶,100dayscode
positive,RT @Eli_Krumova: ‚ö°Ô∏è 15 Best #Online #Courses for #DataScience 2022\nhttps://t.co/Nla3WMRmDk\n\n#DataScientists #AI #ML #MachineLearning #Analy‚Ä¶,Eli_Krumova
positive,"RT @AlexPetrovnia: Just a reminder that if you're trans or nonbinary and live in the US, you have one week left to take the United States T‚Ä¶",Eyiris_themad
neutral,"@sanchit_avhad @MarathiRojgar Computer corses bagha bhau, Analytics, Data Science",bipin_badgujar
negative,"RT @akshay_pachaar: You don't have to pay ridiculous amount of money to learn Python, Machine Learning &amp; Data Science.\n\nWhen the likes of G‚Ä¶",farhansaifi1234
positive,RT @python_spaces: Study Data Science for Free from Microsoft\n\nMicrosoft provides free roadmap for Azure Data Scientist Associate. \n\nCourse‚Ä¶,saurabhneema1
neutral,@lapanquecita Hola! Oye he visto tu trabajo en Reddit y vine aqu√≠ a preguntarte cu√°l es la mejor manera de comenzar‚Ä¶ https://t.co/U7JdLEk1ml,maugzx
positive,RT @RamitDebnath: Public reactiveness to #cop over 13-years shifts environmental justice outcomes. Using computational social science @Twit‚Ä¶,CamNatMat
positive,RT @RamitDebnath: Public reactiveness to #cop over 13-years shifts environmental justice outcomes. Using computational social science @Twit‚Ä¶,kristiansn89
neutral,RT @python_spaces: Did you know that coding is not the only way to get into Data science? \n\nExcel will also help us to get into Data Scienc‚Ä¶,MusleamAziz
positive,"@WuftL The older proxy-data gets, the more unreliable....\n\nThat's no climate-rocket science....",NCocinelle
negative,"@bunnycoo @WestHarlm @JumaaneWilliams @nydems Because they forced everyone, particularly children, to wear them wit‚Ä¶ https://t.co/4ew9IrvIxb",ccsavage21
positive,"RT @KHayhoe: ‚ÄúBased on data from a large sample of countries, we demonstrate that female representation leads countries to adopt more strin‚Ä¶",johnreichardwes
neutral,"RT @BettySanchez_7: ¬øTe interesa la Ciencia de Datos?\nNo te puedes perder Data Science Weekend este 2 y 3 de Diciembreüí•, tendremos talleres‚Ä¶",abrildaur
neutral,RT @Eli_Krumova: Careers in #DataScience #Course\nüëáüèΩ\nhttps://t.co/h3BT4wP00x\n\n#DS #Analytics #BigData #DeepLearning #DL #MachineLearning #ML‚Ä¶,Eli_Krumova
neutral,"RT @JoyUkaha: @ayemojubar @inecnigeria @festokoye2003 @seunokin @EiENigeria @EU_SDGN @ruffydfire 2022, inec uses data and IT of 1990. \n\nEno‚Ä¶",kvng_insmol
positive,@bobane59 @ClaudetteGGibs1 @DrEricDing Everyone has their own data right in front off their face . And right now RS‚Ä¶ https://t.co/LARNndmHuc,DavidWh37338969
negative,RT @askthedataboss: Machine Learning is a subfield of computer science and artificial intelligence that focuses on the design of systems th‚Ä¶,30daysofcode
neutral,"RT @Ramu_Kal: Public Health Leadership and Education, Advancing Health Equity and Data Science (PH LEADS) https://t.co/rv6M6YhhuH",PublicHealthBot
